NOMBRE,CODIGO_LOCALIDAD
MARIA CANO,19
LA PAZ(EL CEBADAL),18
EL PORTAL II SECTOR,18
LA RECONQUISTA SECTOR VILLA ESTHER,18
NUEVA SILVANIA SUR,18
LA VICTORIA  (ANEXO),04
BARRIO LA VICTORIA,04
BARRIO ALTAMIRA,04
BOSA LA ESTACION I,07
SAN JOSE DE FONTIBON,09
SAN JOAQUIN EL VATICANO SECTOR CARRIZAL,19
LA PLAYA II SECTOR,19
BRASIL 2-9,07
VILLA CLEMENCIA I,08
ENGATIVA PUEBLO I,10
EL PORVENIR - BARRIO LA ESTACION,07
VILLA NATALIA,07
BARRANCAS,01
AZUCENA I,07
RINCON SECTOR ESCUELA I,11
MIRADOR PARADERO,19
ARAUQUITA,01
BOGOTÁ SUR LA ESPERANZA I,19
BOGOTA CASTILLO GRANDE,19
ENGATIVA EL TRIANGULO ,10
SECTOR SAN JOSE I,11
HORTELANOS ESCOCIA I,07
BUENAVISTA SUR ORIENTAL UN PUNTO,04
LA ESTANZUELA III,07
BARRIO NUEVA GRANADA PABLO VI,07
VILLAS DE CHICALA,07
LA FLORIDA I SECTOR,10
RINCON CAMPESTRE,07
SECTOR GRANJAS DEL DORADO,10
EL SAUCEDAL,08
PATIO BONITO II SECTOR,08
TEJARES SECTOR 3,05
MONTE BLANCO PARTE B,05
LA ESTACION,07
VILLA GLADYS IV SECTOR,10
SAN CAYATANO SECTOR PARIS,10
TUNA BAJA SEGUNDO SECTOR,11
BONANZA SUR,19
EL UVAL IA,05
LA ISLA DE FONTIBON,09
LA VEGA 1,07
MARCO FIDEL SUAREZ SAN JORGE,18
MONTECARLO,07
SAN JUAN BAUTISTA II,05
JUAN REY LA FLORA,05
LA NUEVA ESTACIÓN,07
RINCON DE BULEVAR,05
LA MERCEDES 2,05
PALERMO SUR (EL TRIANGULO),18
CORINTO,04
MALVINAS,04
MEISSEN,19
CALVO SUR II,04
EL QUINDIO LA ESMERALDA,04
VILLA NEIRA,04
EL TRIANGULO,04
EL BOSQUE DE BOSA II,07
LA SELVA,04
LA UNION DEL DIVINO NIÑO,19
URBANIZACION LAS MERCEDES,04
ARGELIA RENACER II,07
ARBOLEDA (ANTES ARBOLEDA SUR 2),18
PUENTE COLORADO,04
BELEN II,09
ATAHUALPA EL CHARQUITO,09
SANTA VIVIANA,19
BUENAVISTA II SECTOR,01
BOSA CENTRO I,07
BUENAVISTA II SECTOR,01
BUENOS AIRES 3,04
CENTRO SUBA EL ORAL,11
JIMENEZ DE QUESADA CENTRO,07
LA CECILIA,04
SAN MIGUEL EL CEDRO,11
SAN LUIS LA COLMENA,19
RINCON SANTO I,09
LA CONCEPCION IV SECTOR,07
BOSA LA INDEPENDENCIA III SECTOR,07
TORCOROMA I,09
EL LLANO SECTOR FANDIÑO I,07
ESTRELLA TURQUIA 2,19
LOS LAURELES SUR ORIENTAL I SEC.,04
LA CABAÑA EL VATICANO,07
NUEVA LITUANIA,10
PASTRANA,08
LA DULZURA 2,09
FISCALA BUENAVISTA,05
NUEVA GRANADA II,07
VERSALLES INTERNACIONAL,09
SAN PABLO II SECTOR LAS MARGARITAS,07
VILLA CAROLINA II SECTOR,07
EL RINCON DE GALICIA,19
VILLA SONIA II SECTOR,07
HOLANDA IV SECTOR,07
BOSA NOVA III,07
NUEVA GRANADA I,07
SAN PABLO SEGUNDO SECTOR,07
JIMENEZ DE QUESADA III,07
ARGELIA RENACIMIENTO,07
VILLA ELISA PARTE ALTA,11
HORTELANOS DEL DANUBIO I,07
PRINCIPE DE BOCHICA II,18
EL TRIANGULO,09
BARRIO SANTA MARTA,05
COLINAS DE SAN RAFAEL ALTOS DE LA ESTANCIA,19
LA ESTANCIA CENTRAL,19
SAN LUIS,19
BELLA ESTANCIA,19
MIRADOR DE LA PRIMAVERA,19
BARRIO COOPERATIVA DE VIVIENDA ISMAEL PERDOMO,19
EL CONSUELO,18
BARRIO SAN JORGE O GLORIA GAITAN,18
URBANIZACION PRADERA SUR,18
VILLA SONIA II,07
PATICOS,19
SAN ANTONIO DE ESCOCIA II ETAPA,07
EL CARMEN,09
SAN MANUEL,04
LA REGADERA (EL CORTIJO II SECTOR),05
CASA LOMA II,05
BARRIO VISTAHERMOSA SECTOR BARIO EL CAPRI,19
EL SOCORRO II SECTOR,18
VILLA CLEMENCIA,07
BARRIO PORVENIR TERCER SECTOR,07
LA ESPERANZA,01
ARENERA BUENA VISTA BARRIO HORIZONTES,01
EL ROSAL,05
SUCRE BARRIO MARISCAL SUCRE ,02
VILLA OLIVA,01
LOS PRADOS DE LA SULTANA  CALLE 132 Nº 42-95,11
DANUBIO CENTAUROS,10
URBANIZACION LOS CAMPOS,10
URBANIZACION VILLA GLADIS,10
SALVADOR ALLENDE,08
MIAMI,07
VILLA DE SUAITA,07
BUENAVISTA,01
LA MANUELITA II SECTOR,11
BARRIO BRITALIA SAN DIEGO,11
"BRITALIA ""LAS MARGARITAS""",11
RINCON DE SUBA SECTOR LAGOS DE LA FRONTERA,11
LA ESPERANZA (PARAISO),11
VILLA MARY,10
VILLA SANDRA,10
"PREDIO ""SAN JOSE"" BARRIO BRASILIA. 1ER SECTOR.",07
URBANIZACION NUEVA GLORIA,04
LA GLORIA BAJA BARRIO LA GLORIA,04
NUEVO HORIZONTE,01
EL REFLEJO II,19
MONTEREY,19
TUNA ALTA SECTOR EL ROSAL,11
EL PINO SUR,05
BILBAO SEGUNDO SECTOR SECCIONES A-B-C-D-E,11
BARRIO VILLA SUSANA,11
BARRIO VILLA SUSANA,11
BARRIO VILLA SUSANA,11
LA ESTRELLA DEL SUR,19
MIRADOR (NUTIVARA),19
VILLAS DEL PROGRESO,19
EL LIBERTADOR,07
PROGRESO II SECTOR,05
LORENZO ALCANTUZ,05
LOTE EL ESQUINERO,19
NUEVA MARSELLA 3ER SECTOR,08
SALAZAR SALAZAR,05
LUCERO SUR BAJO,19
SAN JOAQUIN DEL VATICANO (EL VERGEL),19
MARANDU,19
SAN ISIDRO SECTOR CARBONERAS,19
SANTA TERESA LOTE Nº 19,11
CALLE 125 Nº 94A-08 (FINCA EL CARMEN),11
BOSA LINDA,07
URBANIZACION LA FISCALA-LOTE NO. 12 Y LOTE NO.20,05
BRASILIA BARRIO: LA ESTACION,07
ESCOCIA BARRIO LA CABAÑA Y LA SUERTE,07
EL JAZMIN SECTOR EL TRIANGULO,07
LA RIVIERA II,07
URBANIZACION NUEVA GRANADA 2 SECTOR (TIBOLI),07
VILLAS DE SANTA ISABEL,05
LA FISCALA SECTOR NORTE,05
VEREDA EL PEDREGAL - LA LIRA,05
BARRIO SAN BLAS,04
LA ESPERANZA,05
PREDIO EL PARADERO SECTOR SAN BERNARDO,07
FLORIDA SUR ALTO,19
EL RECUERDO (SAN BERNARDINO),07
URBANIZACIÓN ARGELIA,07
SAN EUGENIO II VEREDA SAN JOSE,07
PARCELACION BELLAVISTA,04
EL QUINDIO II ALCALDIA MENOR: SAN CRISTOBAL,04
PANORAMA,04
LA CABAÑA,05
BARRIO BUENOS AIRES,04
CANAIMA,01
EL FUTURO,04
EL RINCON DE LA VICTORIA,04
NUEVAS MALVINAS (EL TRIUNFO),04
PRIMERO DE MAYO,04
CAMINO VIEJO DE SAN CRISTOBAL,04
MANILA ,04
MONTECARLO ,04
EL RINCON DE SAN CRISTOBAL,04
GRAN COLOMBIA BARRIO MOLINOS DE ORIENTE,04
PEÑON DEL CORTIJO III SECTOR,19
LOS SAUCES SECTOR LAS HORTALIZAS Y EL RECUERDO,19
EL MIRADOR DE LA ESTANCIA,19
URB: EL RUBI BARRIO SAN JOSE ORIENTAL ,04
CHAPARRAL,01
SAN CRISTOBAL VIEJO,04
BARRIO SAN ISIDRO SEGUNDO SECTOR,04
SAN ISIDRO SUR,04
JUAN REY,04
LA GRAN COLOMBIA,04
SAN JOSE SUR ORIENTAL,04
URBANIZACION SAN MARTIN,04
URBANIZACION SAN VICENTE,04
VILLALBANIA,04
RIOBAMBA II,11
VELODROMO,04
URBANIZACION SAN BLAS,04
EL PARAISO,02
EL PENCIL BARRIO EL SALITRE,11
URBANIZACION ACAPULCO I,19
URBANIZACION SAGRADO CORAZON,08
PARCELA 23 EL PORVENIR,07
"URBANIZACION ""TAYRONA""",08
NACIONES UNIDAS SECTOR CHAPARRO,19
SAN JOSE DE ENGATIVA,10
VILLA CLAVER SEGUNDO SECTOR,10
BARRIO EL LLANITO,08
EL JORDAN (ANTES EL SOLECITO Y LA LUNITA),08
CIUDAD LONDRES,04
PARCELACION RESIDENCIAL SAN GABRIEL,01
LA LIBERTAD II,07
URBANIZACION LA VEGUITA II,07
LA BELLEZA,04
BRAZUELOS SECTOR LA ESMERALDA,05
VILLA DIANA LOPEZ,19
VILLA GLADYS (SEGUNDO SECTOR),18
VILLA XIMENA,06
BARRIO PRADO VERANIEGO MANZANA 69,11
ALASKA ,11
BARRIO CAROLINA,18
BARRIO DANUBIO AZUL,05
POLICARPA SALAVARRIETA,15
TUNA BAJA II SECTOR,11
SALITRE SECTOR 3,11
BERNAL Y FORERO,11
COSTA RICA,11
URBANIZACION SANTO DOMINGO,10
LA CABAÑA,10
URBANIZACION EL DORADO NORTE BARRIO SAN JOAQUIN,10
SAN PABLO,05
URBANIZACION GRANADA SUR,04
LA ARBOLEDA II,18
LA ARBOLEDA SUR,18
LA SERRANIA SECTOR CULTIVOS,18
BARRIO RINCON DE LAS VILLAS,11
BARRIO PRADO CENTRAL,11
LOS PUENTES,18
PRADO VERANIEGO MANZAN 2,11
VILLA GLADYS,18
LA ALAMEDA,11
URBANIZACION LA CHUCUA,11
EL MIRADOR,10
MIRADOR SEGUNDO SECTOR,10
LOS PINOS BARRIO FLORENCIA,10
"ENGATIVA CENTRO BARRIO: LA TORTIGUA MANZ A,B,C",10
BUENOS AIRES Y LA ESPERANZA PARCELACION LA FISCALIA,18
EL PUERTO LA LOMA DE SAN CARLOS,18
BUENOS AIRES Y LA ESPERANZA SEGUNDO SECTOR,18
MARCO FIDEL SUARES II SECTOR,18
LOS SAUCES,07
BARRIO VILLA NUEVA,08
JUAN JOSE RONDON - SECTOR LA CASONA LOS COORDINADORES,19
CEDRITOS DEL SUR 2º SECTOR,19
SABANA DEL DORADO MZ: CH - G - U - V,10
LA CABAÑA Y SAN JOAQUIN,10
SAN JOAQUIN II SECTOR,10
URBANIZACION CIUDAD GRANADA,08
VILLA HERMOSA,08
SANTA BARBARA -  BOSA,07
GRANJAS DE NAMUR,11
URBANIZACION BARRIO VILLA GLADIS SECTOR LA MANZANA,10
VILLA CLAVER PRIMER SECTOR,10
EL PORVENIR DE KENNEDY II SECTOR (ANTES EL PORVENIR II- VIA CORABASTOS),08
LA PALESTINA I SECTOR,07
BARRANCAS NORTE,01
LA CITA,01
CONJUNTO RESIDENCIAL ANDINO,11
LOS ARRAYANES,11
BARRIO MEXICO 3º SECTOR,19
VILLAS DE BOLIVAR,19
VILLA JACQUI,19
VILLA DIANA,05
LOS ARRAYANES,05
VILLAS EL DIAMANTE,19
DOMINGO LAIN III SECTOR,19
LA ESPERANZA III SECTOR,07
BOSA NOVA  II SECTOR,07
NUEVA GRANADA 2O SECTOR,07
EL RUBI II,05
COSTA RICA,05
LOS TEJARES SUR. II SECTOR,05
DAZA SECTOR II,05
BRISAS DEL VOLADOR,19
BOSANOVA,07
LA ESMERALDA. NUESTRA SEÑORA DE LA PAZ,07
LA ESPERANZA I Y II SECTOR,07
BRASIL SEGUNDO SECTOR (II ETAPA),07
LA PAZ SAN IGNACIO - LAS VEGAS DE BOSA,07
LAS MANITAS - 2 SECTOR,19
CIUDAD MILAGRO,19
LOS ANDES,19
HORIZONTES,01
LA FRONTERA,01
BARRIO EL TRIANGULO,05
BOSQUE CALDERON TEJADA SECTOR III MANZANA I LOTES 4 5 7 8,02
NUEVA GRANADA,02
LOS OLIVOS,02
MILAN BARRIO BARRANCAS,01
EL RECUERDO 4A-5-6-7,07
LA FORTALEZA,05
URBANIZACIÓN LA VEGUITA IV,07
EL PORVENIR SECTOR BRASIL,07
BARRIO SAN EUGENIO,07
EL LIBERTADOR II.,07
SAN BERNARDINO,07
BRAZUELOS,05
BRISAS DEL LLANO,05
BARRIO SANTA LIBRADA SECTOR PEÑA,05
CALLEJON DE SANTA BARBARA SUR ORIENTAL,18
EL VERGEL,08
BARRIO MARIA PAZ,08
EL PROGRESO,07
LOS DUQUES,19
GUADALUPE,08
SAN JORGE II,07
URBANIZACION PIAMONTE I ETAPA,07
MIRAFLORES 2 SECTOR BARRIO CARLOS ALBAN,07
CARLOS ALBAN SECTOR MIRAFLORES,07
"BARRIO BRASIL SECTORES MATERAS, ACACIAS, SAN JORGE",07
LA AZUCENA - ESTACION BOSA -,07
CARLOS ALBAN HOLGUIN BARRIO NUEVA GRANADA,07
LA ESMERALDA SUR,19
VILLA ISRAEL,05
FINCA LA ESPERANZA,05
EL TRIUNFO,18
VISTA BELLA III SECTOR,11
PRADO SUR ANTES CATALAYUD BARRIO PRADO NORTE,11
ALMONACID,11
SOCORRO IV,18
BARRIO BERLIN,11
CASA BLANCA II ,11
PALERMO SUR LOS ARRAYANES,18
PALERMO SUR OSWALDO GOMEZ,18
HERNANDO ROJAS,11
BARRANCAS,01
LOS OLIVOS,01
URBANIZACION SANTA TERESA,01
BARRANCAS II SECTOR,01
BARRIO LA GLORIETA CALLE 120 -121 CARRERAS 3 - 3A,01
SANTA INES Y SANTA HELENA,11
VILLA ESPERANZA ,11
BARRIO BOSQUES DE MARIANA ZONA 10,10
URBANIZACION SAN PABLO I,07
SAN JOAQUIN DEL VATICANO (EL GALPON),19
BOGOTA SUR LA ESPERANZA,19
ARABIA,19
SAN ISIDRO (II SECTOR),19
SAN ISIDRO SECTOR CERRITO I,19
ESARROLLO EL PORTAL DEL RIO,10
SABANAS DEL DORADO I,10
BARRIO EL SALITRE,10
LA CITA,01
EL MUELLE II,10
LUIS CARLOS GALAN SARMIENTO,10
ALEJANDRIA,10
EL PAÑUELITO,01
URBANIZACION EL TOBERIN,01
LOS LAURELES,10
SANTANDERCITO,01
BUENAVISTA,01
ESTRELLITA Y BUENAVISTA II,01
URBANIZACION LAS VEGAS DEL RECUERDO,01
UNICERROS,01
MIRAMAR,11
VILLA CINDY,11
SAN ANTONIO NORTE II SECTOR,01
BUENAVISTA MANZANA C,01
TIBABITA LOTE NO. 19,01
LOTE NO. 32 PARCELACION TIBABITA,01
LA CITA,01
SAN ANTONIO NORTE,01
VERBENAL II SECTOR,01
VIÑA DEL MAR,01
JUAN JOSE RONDON 2º SECTOR,05
BARRIO SOTAVENTO II SECTOR,19
"ENGATIVA CENTRO BARRIO: LA TORTIGUA MANZ I,J",10
LA AZUCENA (S. TRIANGULO),07
ANTONIA SANTOS,07
VILLA ANGELICA A.S.D.,04
BELLA VISTA EL LUCERO,04
DIANA TURBAY,18
EL SATELITE - HACIENDA LA MARIA,19
SAN ISIDRO SECTOR CERRITO II,19
BRAZUELOS SECTOR SANTO DOMINGO,19
CALLEJÓN DE SANTA BÁRBARA SUR I Y II SECTOR,18
AGUAS CLARAS,04
EL BALCONCITO,03
TECNINTEGRAL S.A CRA. 89 Nº 61-45 SUR,07
SAN MARTIN DE PORRES,02
LA PAZ PLAN V,07
LA PAZ SAN IGNACIO II,07
VILLA DEL CERRO,02
TORTIGUA CRA 126A CL 61,10
JOSE ANTONIO GALAN,07
URBANIZACION NUEVA GRANADA,07
LA ESMERALDA,07
ASENTAMIENTO VILLA NHORA II,07
URBANIZACION LA AURORA BARRIO JIMENEZ DE QUESADA,07
LA CABAÑA VEREDA YOMASA,05
VISTA HERMOSA MODIFICACION PLANO NO. CB4/4-4 MANZANAS 77A-79A-81A-82-82A-84A,19
SAN BERNARDINO (SEC. POTRERITO),07
LAS PALMAS NORTE,10
EL MUELLE I,10
PIRAMIDE,10
VILLA CONSTANZA,10
VILLA EL DORADO NORTE,10
SOCORRO III SEC,18
MACONDO DOS,18
QUIRIGUA,10
CIUDAD JARDEIN DEL NORTE MANZANA 42,11
ENGATIVA CENTRO BARRIO: LA TORTIGUA,10
BARRIO SABANAS DEL DORADO II (CALLE 62 / CARRERA 115C),10
BARRIO PUESTA DEL SOL,10
"PREDIO ""SAN JOSE"" BARRIO BRASILIA 2° SECTOR.",07
PARCELACION SAN PEDRO,05
VILLA ANITA SUR,05
VILLA ANNI BOSA - NARANJOS,07
EL CAUCE,07
ESPINO III SECTOR,19
VILLA DE LA TORRE 2,08
BARRIO SAN AGUSTIN,18
UVAL II SECTOR,05
LOS LAURELES GRANCOLOMBIANO II SECTOR,07
LA LIBERTAD SEGUNDO SECTOR,07
EL PORVENIR PARCELAS 17A - 17B,07
BARRIO EL REFUGIO(SECTOR SANTA LIBRADA),05
BRASIL II SECTOR,07
BARRIO EL COMITE,08
VILLA ANITA,02
BOSQUE CALDERON TEJADA,02
CASA BLANCA SECTOR BELLA VISTA,11
TABERIN,11
LA PALMA,11
ANTONIO MORALES,18
CASAVIANCA,19
EL CORTIJO,05
MORALVA,04
URBANIZACION ALTAMIRA CHIQUITA,04
BARRIO EL MIRADOR SUR 1 Y 2,18
ATENAS SUR ORIENTAL IV SECTOR,04
EL MIRADOR DE MARROCOS,18
BARRIO MIRADOR II,18
NUEVO TEJAR,16
VILLAS DEL RECUERDO,18
LOTE 95A ANEXO SORATAMA,01
SAN MARTIN,18
EL JORDAN LA ESPERANZA,11
SANTA CECILIA II SECTOR,11
JAIME BERMEO,11
BARRIO SAN JOSE,10
LOS ARRAYANES BARRIO PALERMO SUR SECTOR SANA FONSECA,18
SAN IGNACIO,18
GOVAROVA II,18
LA MARQUEZA,18
BARRIO LA PAZ,18
ARBORIZADORA BAJA,19
DOMINGO LAIN II SECTOR Y CONDOMINIO DEL BOSQUE,19
LA ESCALA 3ER SECTOR,19
BILBAO PRIMER SECTOR SECCION A Y B,11
LA AGUADITA,11
LA PRIMAVERA,10
LA ESTANZUELA SEGUNDO SECTOR,07
LA PRIMAVERA,07
ANDALUCIA II,07
ALASKA,05
LA RIVIERA ENGATIVA,10
PRIMAVERA 2,19
SECTOR JAVA,11
LOS NARANJOS EL OASIS,11
LA ESMERALDA,05
BARRIO SANTA INES,04
BRASIL II SECTOR III ETAPA,07
BOSQUES DE BELLAVISTA,02
LA CAPILLA SAN ISIDRO,01
VILLA CAROLINA III SECTOR,07
"MARCO FIDEL SUAREZ IV ""PARTE MEDIA""",18
LA ESPERANZA NOR-ORIENTAL,02
VILLA NATALY 20 DE JULIO II SECTOR,04
BOSQUE CALDERON TEJADA,02
SAN MARTIN DE PORRES III Y IV,02
LAS DELICIAS DEL CARMEN II SECTOR,01
"MARCO FIDEL SUAREZ IV ""PARTE ALTA""",18
"MARCO FIDEL SUAREZ IV ""PARTE BAJA""",18
LOS ALPES LA ESPERANZA,04
BRISAS DE BELLA FLOR,19
SAN JOSE LA HUERTA,07
VILLAS DEL PROGRESO I,19
SAN LUIS ALTOS DEL CABO,02
ALTOS DE YOMASITA,05
MEISSEN  I,19
VILLA HELENA EL PORTAL,19
BELEN EL EDEN II-A,09
LA VEGUITA III,07
UNIR II,10
PORTAL DE CALI,07
CIUDAD JARDIN NORTE B,11
SAN BENITO BELLO ,07
RESERVA DE CANTALEJO,11
SALITRE SUBA 2A,11
LA PORTADA II SECTOR,07
EL RUBI SAN BERNARDINO,07
VILLA ANGELICA- CANADA GUIRA,04
SALITRE SUBA 2-B,11
CIUDAD JARDIN NORTE C,11
TUNA BAJA LA FORTUNA,11
PRINCIPE DE BOCHICA ALTO,18
GOVAROBA II,18
BRASIL SECTOR EL LAGO,07
EL ANHELO I,07
LOS SAUCES III SECTOR,07
BOSQUES DE SAN ANTONIO,01
RENACER DEL SAUCO,02
EL EDEN SECTOR EL PARAISO,19
MIRADOR DEL NORTE,01
EL VIRREY (ULTIMA ETAPA),05
ESCOCIA VII,07
ALQUERIA LA FRAGUA II SECTOR,08
RANCHO CHICO,11
ANDALUCIA,07
BARRIO TENERIFE,05
VILLA ALEMANIA,05
URBANIZACION LAS GUACAMAYAS,04
VILLA BEGONIA,04
BARRIO SAN ISIDRO II NUEVA PARTE,19
EL CONSUELO,19
EL PROGRESO II,08
EL RINCON DE LA IGUALDAD,08
SANTA CATALINA SECTOR 1 Y 2,08
"SAN PEDRO 2O. SECTOR ""A""",07
UVAL I SECTOR,05
LOS TRES LAURELES,05
"SAN PEDRO 2O. SECTOR ""C""",07
LA INDEPENDENCIA,07
BRAZUELOS SECTOR EL PARAISO,05
LA PORTADA,07
NUEVO PORVENIR,05
LA PEÑA,03
LOS CERECITOS,10
LA FLORA ,05
CAMELIA SUR 4 SECTOR,16
ESCOCIA V SECTOR,07
EL SALITRE,11
DELICIAS DEL CARMEN,01
LOS TEJARES SANTA LIBRADA,05
BOSQUE DE SAN ANTONIO LOTE 8 CRA 36 NO 180-16,01
SECTOR LAS LOMAS BARRIO ISMAEL PERDOMO,19
BARRIO PERDOMO ALTO,19
LOTE BUGANVILES,11
EL PARAISO MANZANA B LOTE 29,02
SIMON BOLIVAR SEGUNDO SECTOR,12
LAS MERCEDES,05
URBANIZACION MANAGUA,04
FABRICA DE LOZA,03
SAN CARLOS DE TIBABUYES,11
EL ANHELO,07
VILLAS DEL PROGRESO,07
HOLANDA III SECTOR,07
BOSQUE EL LIMONAR II,05
EL RUBI,05
LOS PUENTES,04
NUEVA ESCOCIA,07
EL PORTAL I Y II SECTOR,07
"ALQUERIA DE LA FRAGUA, SECTOR VILLA NUEVA",08
ALQUERIA DE LA FRAGUA,08
BARRIO ALTAMAR,08
EL RINCON DEL PORVENIR,19
BELLA VISTA LUCERO ALTO I,19
SAN ISIDRO SECTOR CERRITO III,19
CASA LOMA II,19
PERPETUO SOCORRO II SECTOR,08
VILLA_DE_CALI ANTES DANUBIO AZUL III,07
SAN_GIL,07
"BARRIO SAN DIEGO LA PAZ 4TO, SECTOR",07
LA PAZ SAN IGNACIO SECTOR LA ESPERANZA,07
VILLA CAROLINA,07
MACARENA_LOS_ALPES,04
NUEVA_ESPAÑA,04
ANTENAS 1,04
VALPARAISO,04
NUEVA ESPAÑA PARTE ALTA,04
SAN BLAS II SECTOR,04
EL QUINDIO,04
"URBANIZACION ""LA ASUNCION""",16
EL PORTAL,18
LOS PINOS,04
SAN ISIDRO,02
SUREÑA,02
SECTOR LOS LAURELES,10
BOSA SAN JOSE,07
LAS VEGAS DE SAN JOSE,07
SECTOR TUNA ALTA 2,11
SECTOR TUNA ALTA-A,11
SECTOR TUNA ALTA-B,11
CIUDAD JARDIN NORTE-A,11
VILLAS DEL DIAMANTE,11
SECTOR VILLA ELISA,11
SECTOR TABERIN,11
SECTOR TABERIN 2,11
PREDIO LA TOMA,11
QUINTAS DE SANTA RITA,04
SAN JOAQUIN SECTOR EL LAUREL,10
CALLEJON DE SANTA BARBARA SUR,18
LA CUMBRE SECTOR ARRAYANES,18
VILLAS DE SAN JOAQUIN,19
VILLAS DE BOLIVAR II SECTOR,19
EL TESORITO I B,19
ORQUIDEA SUR 3 SECTOR,05
MIRADOR DE LA ESMERALDA,05
SIERRA MORENA CASA LOMA II,05
FUNDACION PERPETUO SOCORRO,08
SECTOR RINCON EL CONDOR,11
SAN JORGE PARTE ALTA,18
PLAYON,18
DIVINO NIÑO SECTOR LA COLINA,19
TESORO REPUBLICA DE VENEZUELA A,19
BALCONES DE LA ALEGRIA,03
ENGATIVA CENTRO LA TORTIGUA,10
SAN ISIDRO SUR-SECTOR LA ESPERANZA,05
CARLOS ALBAN 78,07
MONTEBLANCO EL PINO,05
CALLEJON DE SANTA BARBARA,18
BRISAS DE BELLA FLOR II SECTOR,19
SAN IGNACIO III,18
SAN BLAS I SECTOR,04
SAN EUGENIO III SECTOR,07
VILLA ANGEL,18
SAN CAYETANO III SECTOR,11
SAN CAYETANO II SECTOR,11
VILLA CASTILLA,08
BRISAS DEL TINTAL,07
LA UNION DIVINO NIÑO,19
BARRIO TUNA ALTA CAMPESTRE 1,11
SALITRE I,11
HOLANDA II,07
MARCO FIDEL SUAREZ PARTE ALTA 2,18
PALERMO SUR SECTOR SAN MARCOS II,18
TESORITO I A,19
RINCON SANTO,09
BUENOS AIRES I,04
SECTOR VILLA GLADYS,10
LOS LACHES,03
LISBOA,11
EL RINCON SECTOR EL CONDOR,11
RUBI,11
TIBABUYES II,11
SAN GERONIMO,11
BELLAVISTA,01
BARRIO SANTA CECILIA NORTE SECTOR BAJO,01
CERROS DEL NORTE,01
BARRIO_BARRANCAS_ALTO,01
MIRAFLORES,11
NARANJOS ALTOS,11
TUNA BAJA III Y IIIA,11
LOTEO LA INOPIA MANZANA 34,10
DESARROLLO DE VIVIENDA LA RIVIERA,10
VILLA TERESITA ,10
EL DORADO ,03
EL PORVENIR,05
LA CONCORDIA 1,08
ALVARO BERNAL SEGURA,19
ISLA DEL SOL,06
MANZANA 43 A-B,11
BARRIO BARCELONA SUR ORIENTAL,04
LAS MERCEDES,04
REPUBLICA DE VENEZUELA,19
PARCELACION BOGOTA,19
LINTERAMA,10
EL PORVENIR,10
BARRIO LA ESTACION SECTOR ARENERAS,07
VILLA ISRAEL II,05
EL ENCANTO,04
URBANIZACION USMINIA,05
PORTAL DE LA VEGA,05
LA PRIMAVERA,19
EL OCAL,11
PUERTA DE TEJA,09
SAN DIONISIO,08
REGULARIZACION PARTE BARRIO MEXICO II,19
SAN ISIDRO,19
BARRIO PALERMO SUR,18
VILLA GLORIA 1,11
EL PROGRESO,11
SAN FELIPE BARRIO CIUDAD JARDIN DEL NORTE,11
LA PERLA OCCIDENTAL,01
JARDIN_NORTE,01
LA URIBE,01
DON BOSCO,01
VILLA DEL CAMPO,11
LA GRANJA II SECTOR,10
PARIS FRANCIA,10
TIBABITA,01
EL CODITO LOTE NO. 8 PREDIO SANTA ROSA,01
MIRADOR DEL NORTE,01
BARRIO PRADO SUR (EL TRIUNFO),11
URBANIZACION BACHUE I ETAPA,10
LOS NARANJOS,11
BARRIO LOS CEREZOS ENTRE CARRERAS 90 Y 89A,10
LA ESPERANZA ,05
COMUNEROS,05
ALMIRANTE PADILLA,05
LA SAGRADA FAMILIA,04
U. VITELMA,04
LA PENINSULA,04
EL PITE,01
VERBENAL II,01
COLMENA,19
URBANIZACION PRADO PINZON INCORPORACION DE BARRIO MANZANAS B Y K,11
CASA BLANCA I,11
NUEVO CORINTO(ANTES LETH WALESA),11
BARRIO PUERTA AL LLANO SECTOR 1,05
BARRIO MEXICO,19
PUERTA AL LLANO,19
VILLA MORALES (ANTES EL EMPERADOR),18
ALTO DE LA TOMA (SUBA),11
PRADOS DEL SALITRE,11
SAN JORGE SUBA,11
SAN ISIDRO NORTE,11
AMBALEMA LOTES Nº 2 Y Nº 3,09
ENGATIVA CENTRO BARRIO LA FAENA,10
URB. VILLA DORADO SAN ANTONIO II SECTOR,10
VILLA TERESITA SECTOR SANTA LUCIA,10
LAS FLORES ,11
VILLA HERMOSA,11
URBANIZACION BRITALIA LOTE SAN RAFAEL NORTE,11
"LOTE Nº 2 DE LA MANZANA ""B"" DE LA PARCELACION ""BRITALIA""",11
BARRIO TIHUAQUE,05
BULEVAR DEL SUR,05
LA HUERTA,05
URBANIZACION SAN BLAS,04
EL PORTAL II ETAPA,05
EL RAMAJAL (SUCESION DE JOSE D.- BARBOSA Y RITA DE BARBOSA,04
BARRIO EL CONSUELO,18
LORENZO ALCANTUZ II SECTOR,05
SAN JOSE DEL PRADO,11
BARRIO LOS ANDES URBANIZACION LA ECONOMICA,11
LA MARIA,07
ARGELIA II,07
EL PORTAL DEL DIVINO,05
PRADO PINZON,11
PRINCIPE DE BOCHICA,18
VERONA,11
PARCELACION EL JARDIN LTDA,11
PRADO VERANIEGO,11
MORAVIA,09
PRADOS DE LA ALAMEDA I Y II,09
COSTA RICA,11
LAS VEGAS DE POTOSI,19
TRIANGULO ALTO,04
PREDIO EL HORIZONTE VIA A COTA SALITRE,11
EL NARANJAL,11
SAN PEDRO DE TIBABUYES,11
SAN FRANCISCO NORTE,11
LA ESPERANZA I,10
CALARCA BARRIO PASTRANA,08
LA CHUCUA NORTE,11
GUILLERMO NUÑEZ,11
RINCON DE BOYACA,11
URBANIZACION EL PORTAL DE LAS MERCEDES,11
SAN BLAS II SECTOR I,04
CEDRITOS DEL SUR 3º SECTOR,19
BARRIO EL REAL ( MANZANAS P-Q),10
LOS CEREZOS-LA ESPERANZA,10
EL ROSARIO III,08
VILLA EMILIA AMPARO SEGUNDO SECTOR,08
SAN PEDRO,04
JERUSALEN,19
LOTEO LA LIBERTAD,12
LA RECONQUISTA,18
EL JORDAN II SECTOR,09
JUAN XXIII,02
BARRIO CANADA (ASD) SECTOR LA GUIRA II SEC,04
VERBENAL I,01
SAN JAVIER,07
URBANIZACION SANTA MONICA,08
BARRIO SAN JUAN II Y III SECTOR,05
VILLA ANDRES,08
BELLA VISTA,08
"URBANIZACION SAN JUDAS, BARRIO LA ESTACION",07
FINCA LA ESPERANZA (BOSA),07
BARRIO BRASIL SECTORES PORTAL CASTILLO,07
SUBDIVISION LOTE CALLE 23 NO. 123A-54 EL LAUREL FONTIBON,09
URBANIZACION SAN CARLOS,06
VILLA LILIANA,09
CALLEJON DE SANTA BARBARA SECTOR  MIRADOR 1,18
LAS DELICIAS DEL SUR ZONA 19,19
EL CASTILLO (ANTES EL DIVISO Y SAN PABLO),19
CALLEJON DE SANTA BARBARA II SECTOR,18
SAN ISIDRO AUTOPISTA SUR,19
SAN JUAN BOSCO II SECTOR,01
PRADO  PINZON   IV,11
TESORO SAN MARCOS ALTO,19
SAN MANUEL 2 SECTOR,04
EL PINO,11
AMAPOLAS,04
URBANIZACION SAN BASILIO,10
LA CAROLINA II,11
JULIO FLOREZ,11
EL VERDON,10
PARIS GAITAN,10
VIÑA DEL MAR,10
"URBANIZACION ""SUR AMERICA""",04
LA COLMENA,04
EL PLAYON  PLAYITA,18
BARRIO BRASIL SECTOR LOPEZ - PIÑEROS,07
AMARUC,07
SANTA LUCIA,07
TIBABITA II SECTOR,01
SAN GERARDO,11
SANTA LIBRADA III,05
LAS PALMERAS,10
LAS MERCEDES,10
PREDIO EL RECUERDO BARRIO SAN JORGE ALTO,18
LA MERCED SUR SAN IGNACIO,18
VILLA ANGELICA (CANADA GUIRA),04
LA FRANJA DE BUENAVISTA,01
BARRIO VILLA SUSANA,11
LA ESTACION DISTRITAL FINCA RAIZ,07
HOLANDA I SECTOR,07
SANTA FE III SECTOR,07
"PREDIO ""SAN JOSE"" BARRIO BRASILIA 3ER SECTOR.",07
LA GLORIA,04
URBANIZACION LAS HUERTAS,19
EL RECODO-REPUBLICA DE CANADA,04
SAN JOSE II SECTOR,07
BELEN EL EDEN,09
VILLA ELVIRA,08
PUENTE VEGA,08
VILLA HELENA,19
LA PLAYA,19
LA PLAYA II,19
SABANA DEL DORADO,10
EL TRIANGULO,10
MANZANA 42 PRADO VERANIEGO,11
PALMA ALDEA,11
URBANIZACION BELLAVISTA,10
BARRIO ANDALUCIA,10
CALARCA II LOTES 1-2-3-4-5-6-7 Y 8,08
VALENCIA LA CHUCUA,08
TIBABUYES II,11
HOLANDA II SECTOR,07
NUEVO CHILE,07
PARAISO BAVARIA,09
SAN CRISTOBAL ALTO,04
SANTA LIBRADA VEREDA TUNJUELITO,05
SAN VICENTE ALTO,04
BARRIO SAN FRANCISCO PARTE ALTA II,11
EL RODEO SECTOR BOSA NOVA,07
"LOS LIBERTADORES (SECTORES EL DIAMANTE, EL BOSQUE, EL TRIANGULO)",04
LOS LIBERTADORES,04
LOS LIBERTADORES,04
SANTA CLARA,15
ANTONIA SANTOS I,07
SAN CRISTOBAL NORTE,01
LA GLORIA,04
HIPOLITO RESTREPO,01
GRAN BRITALIA,08
LA PERLA ORIENTAL,01
LA CABAÑA-FONTIBON,09
EL PINAR REPUBLICA DE CANADA,04
LAS BRISAS I,04
BELEN BATAVIA,09
LOS NARANJOS (EL CODITO),01
TIBABITA 1,01
VERBENAL SECTOR SAN ANTONIO,01
VERSALLES II,09
VILLA BEGONIA LOS LIBERTADORES,04
GRANJAS DE SAN PABLO II,18
SAN FRANCISCO CENTRO SUBA,11
EL GUAVIO,03
"URB ""EL BALCON""",03
EL CONSUELO,03
MARANDU,10
MEISSEN SIDAUTO,10
EL ROSARIO,08
EL RECUERDO II SECTOR,07
SAN BLAS SECTOR LAS MERCEDES,04
VILLA CLEMENCIA SECTOR TIERRA GRATA,08
TUNA ALTA,11
AGUADITA II,11
LA MARIA,08
BUENAVISTA SURORIENTAL II,04
EL REFUGIO,05
EL BALCON DE LA CASATAÑA BARRIO ALCALDIA MENOR DE SAN CRISTOBAL,04
VISTA HERMOSA,19
REPUBLICA DEL CANADA SUR,19
LA CABAÑA II SECTOR,09
ATAHUALPA I PREDIO EL CAJON SECTOR I,09
URBANIZACION BARRANQUILLITA,08
GETSEMANI,07
LOS LIBERTADORES,04
ARISTOTELES ONASIS I,08
LA PLAYA I SECTOR,19
PINAR DEL RIO III SECTOR,08
BARRIO VILLA SUSANA,11
URBANIZACION VILLA ELISA,11
CALLEJÓN DE SANTA BÁRBARA SUR I Y II SECTOR,18
BUENAVISTA SECTOR A LUCERO ALTO,19
EL DANUBIO DEL SUR,18
LA CABAÑA,19
EL PORVENIR II ETAPA,19
SOTAVENTO,19
LA CAROLINA III,11
PRADO VERANIEGO CARRERA 41 CALLES 129 Y 130,11
BRITALIA LA MONEDA,11
SAN ISIDRO SUR,05
CASA REY,05
VILLAS DEL EDEN,05
SAN CRISTOBAL SUR,04
VERBENAL III SECTOR,01
CANTALEJO,11
JAVA 1 SECTOR,11
PERPETUO SOCORRO,08
PASTRANITA II SECTOR,08
SAN JUSTINO,18
VILLA DEL SOL,18
TOBERIN ORIENTAL,01
TIBABUYES I SECTOR,11
LA ESPERANZA,19
SANTA ROSA DE LIMA,03
CIUDAD JARDIN DEL NORTE ,11
GRANADA NORTE ,11
"CANTALEJO ""SECTOR ALEJANDRIA""",11
SANTA CECILIA,09
RINCON DE MODELIA,09
LA LAGUNA,09
FLANDES,09
VALLEVERDE,09
EL  PORTAL DE PATIO  BONITO,08
EL CARMEN VEREDA EL RINCON,11
RAMAJAL VIA ORIENTE,04
LA PAZ,10
SAN ANTONIO-MIRADOR,19
EL BOGOTANO II,09
CONDOMINIO ALAMOS,10
SANTA CECILIA II,01
SAN PEDRO FERROCARRIL AV. 9,01
LA IGUALDAD II,08
VILLA GLADYS I,18
CALLEJON DE SANTA BARBARA 1 (ANTES EL MIRADOR SECTOR EL MIRADOR II),18
EL PLAYON II ANTES EL CONSUELO (LA PLAYITA),18
VILLA ELISA I,11
SAN CRISTOBAL 1,01
SAN IGNACIO II,10
LA NUEVA GLORIA II SECTOR,04
EL TRIUNFO,03
ROCIO ( PARTE BAJA),03
VILLA SAGRARIO,10
SAN CAYETANO,11
GIRARDOT,03
LAS MERCEDES II,10
LA PALMA - EL RECREO,10
BELLAVISTA,11
URBANIZACION LA MARCELA LOTE 26 B,10
CARTAGENA,03
RINCON DE SUBA,11
PRADO VERANIEGO MANZANAS  18-6-5,11
PALMAR CUARTO SECTOR,10
HOLANDA,07
LA CRISTALINA,01
LA URIBE,01
PRIMAVERA SUR OCCIDENTAL,19
URBANIZACION LA PALESTINA,09
URBANIZACION MONTERREY,08
URBANIZACION VALLADOLID,08
BARRIO AMPARO CAÑIZARES,08
RINCON SECTOR EL CONDOR MORTIÑO,11
LAS FLORES II,05
SAN PEDRO LOS ROBLES,09
URB.VERACRUZ,09
KAZANDRA,09
BOGOTA II SECTOR,19
EL BOSQUE,19
ALTAMIRA 2010,04
ARAUQUITA  II,01
CASABLANCA SECTOR EL PLAN,11
VILLA DEL CARMEN,01
VITELMA I,04
SANTA BARBARA,11
ROCIO ORIENTAL,03
SANTA INES,07
SANTA RITA,11
BERLIN 4 SECTOR,11
PALO BLANCO,10
PRADO VERANIEGO MANZANA 23,11
PRADO VERANIEGO MANZANA 03,11
URBANIZACION LONDRES,11
TORRELADERA CASABLANCA,11
SANTA CECILIA I SECTOR,01
TUNA BAJA III,11
VERBENAL 5,01
EL PARAISO,09
LA TROPICAL COPETROCO,10
GRANADA NORTE-RELOTEO EL PORVENIR NORTE,11
SANTA ISABEL (VEREDA LA FLORES),11
SAN LUIS ALTOS DE JALISCO I,19
LOTEO SAN VICENTE,11
LA BELLEZA LOTE 230,04
EL MORTIÑO,11
LINTERAMA III,10
BARRIO BUENOS AIRES III SECTOR,19
ACACIAS,11
BARRIO EL OLIVO,08
SANTA FE DE BOSA,07
SAN PABLO,07
POTRERITO,07
LA LLANURITA,01
BUENOS AIRES,04
BARRIO BUENOS AIRES,05
LA PLAYA,18
TABOR-ALTALOMA,19
NUESTRA SEÑORA DE LA PAZ IV SECTOR,07
BARRANQUITOS,19
GUADUAL II,09
EL PORVENIR DE LA ESTANCIA,19
NUEVA ESPERANZA,18
VILLAS DE SAN JOAQUIN,19
SANTA LIBRADA,10
URBANIZACION VERACRUZ,10
VILLA ZARZAMORA,08
GRANCOLOMBIANO II SECTOR,07
GRANCOLOMBIANO I SECTOR,07
LA PORTADA II SECTOR,07
SAN PEDRO,07
LA PAZ II SECTOR,07
BARRIO LOS HEROES DE BOSA,07
SAN JOSE DE LOS SAUCES,19
BOSQUES DE SAN ANTONIO II,01
LUZ MELBA,01
POTRERITO A.S.D.,19
CAÑIZA SECTOR II,11
VILLA DEL CAMPO SEGUNDO SECTOR,11
VILLA DE LAS FLORES ,11
VILLAS DE KENNEDY II,08
LAS VEGAS,08
BARRIO LAS MARGARITAS,07
EL MOTORISTA,07
BELLO HORIZONTE,04
ANDALUCIA II SECTOR,08
DOMINGO LAIN 4 ETAPA,19
LA MERCED SUR,18
LOS CEREZOS,10
EL BOSQUE DE LOS MOLINOS,18
PRADOS DE SANTA BARBARA,11
BARRIO EL CEDRO,11
RESURRECCION V MENOS,18
NUEVO MILENIO,10
URBANIZACION DEL LOTE DEL SR. ZORLO GONZALES MUELLE,04
EL TRIUNFO DEL SUR,18
CORREDOR COMERCIAL SAN ANDRES,05
20 DE JULIO (GRANADA SUR),04
LA IGUALDAD I,08
LA ESPERANZA II SECTOR,11
LAS VIOLETAS,05
VILLA AURORA,04
LAS ARENERAS,01
ESPERANZA III,10
BARRIO VERSALLES,09
BELEN FONTIBON,09
URBANIZACION LAS PALMITAS,08
JAZMIN_OCCIDENTAL,08
BARRIO HATO NUEVO,08
LAS DELICIAS,16
LA RESURRECION IV SECTOR,18
LAS PALMAS,10
PUERTA DEL SOL ENGATIVA,10
LA FISCALA SECTOR CENTRO,05
BENJAMIN URIBE,05
BUENAVISTA SURORIENTAL ZONA 4,04
PATIO BONITO,08
VILLA MARIANA,08
LA AZUCENA A,07
BARRIO LA CRUZ DE TERREROS,07
BARRIO BETANIA,07
CASA DE TEJA I,19
ANTONIO JOSE DE SUCRE I SECTOR,05
EL SALITRE,11
EL REFUGIO LA SELFITA,09
SANTA ROSITA LA CAÑADA,18
SAUCES II SECTOR,07
EL RINCON DEL DIAMANTE,19
NUEVO PENSILVANIA SUR,18
EL MIRADOR SECTOR MOLINOS DEL SUR,18
LAS BRISAS,09
PRADERA II,18
LA CARBONERA II,19
PREDIO LAS PALMERAS,08
EL MIRADOR,18
LOS CHIRCALES DEL SUR,18
URBANIZACION GRANJAS SAN PABLO,18
RINCON DE LOS MOLINOS,18
NUEVA DELHI PARTE ALTA,04
SECTOR JOSE ISAIAS PARRA ANEXO A BELLO HORIZONTE,04
BELLO HORIZONTE III SECTOR,04
LAURELES SEGUNDO SECTOR,10
LAS BRISAS,05
EL RECUERDO,05
LOS ARRAYANES BARRIO SANTA INES,04
LOTEO LOS DOS LEONES,04
EL ROCIO,01
LA RIVERA II SECTOR,08
LA AURORA,11
URBANIZACION_TUNALITO,06
LA MORENA II,05
AVENIDA CUNDINAMARCA,08
VILLAS DE KENNEDY,08
ALTOS DE JALISCO,19
URB. TEUSAQUILLO DE SUBA,11
VILLA CATALINA III SECTOR,11
LA AURORA,11
SAN JUAN BOSCO COOPERATIVA INTEGRAL DE ARENEROS,01
CASA BLANCA NORTE BARRIO SAN CRISTOBAL NORTE,01
AINSUCA,01
CARRERA 17 Nº 153A 51 VEREDA BARRANCAS,01
BARRIO LOS CONSUELOS,01
MILLAN (LOS SAUCES),19
SANTA INES BARRIO LA ACACIA,19
BONANZA SUR,19
SOTAVENTO II (NUEVO SECTOR),19
RAMIREZ,03
BARRIO GRAN COLOMBIA,03
CASABLANCA SECTOR EL PINAR,11
TUNA ALTA SECTOR EL BOSQUE,11
RINCON DE CANTALEJO,11
BRITALIA LAS MARGARITAS,11
SAN JUANITO,18
VILLA EMMA,11
LA_LLANURITA_II,01
LA MORENA I,05
SAN JUAN BAUTISTA,05
BETANIA II SECTOR,05
USME- BARRIO BETANIA,05
YOMASITA,05
CARRETERA DE ORIENTE CALLE 35B SUR BELLAVISTA,04
LOS CHIRCALES,09
CARMEN DEL SOL I SECTOR,18
CAÑIZA SECTOR I,11
EL TOCHE,07
BARRIO VILLA DEL CAMPO II SECTOR (A),11
LA VICTORIA NORTE,11
"CHUCUA-III SECTOR ""ANEXO""",11
JAVA 2º SECTOR LOTES 1 Y 2,11
LOS OCALES,07
SAN BERNARDINO SEC. VILLA EMMA,07
BARRIO LA ILUSION,07
VILLA CARMENZA II SECTOR,09
MARCO FIDEL SUAREZ,18
URBANIZACION ALFA,19
TESORO TESORITO,19
ARRAYANES,18
MARCO FIDEL SUAREZ CARMEN DEL SOL,18
SOCORRO LA INDUSTRIA,18
VILLA ESTHER 2,18
BELLA VISTA SUR ORIENTAL/ PARTE ALTA,04
PUENTE COLORADO I,04
RECUERDO SUR I,05
VILLA ELISA II,11
CALVO SUR,04
EL VIRREY SOLIS,05
ROBLES,05
SAN JUAN DE USME IV SECTOR,05
EL SALTEADOR,05
ALTOS DE BRAZUELOS,05
EL JARDIN,01
CALIFORNIA,01
VILLAS DEL RINCON,11
EL DELIRIO,11
EL JARDIN,05
MANZS. A-B. BARRIO: PRADO VERANIEGO,11
EL NEVADO,05
BARRIO JORDAN USME,05
URBANIZACION LA FISCALA LOTE 16 Y LOTE 16A,05
URBANIZACION LA REGADERA SUR,05
NUESTRA SEÑORA DE LA PAZ SECTOR VILLA DEL CARMEN,07
AGRUPACION DE VIVIENDA LA PROVIDENCIA MEDIA,18
SANTA MARTA-VEREDA TUNJUELITO,05
LA FISCALA SECTOR DAZA,05
ARIZONA,05
SAN LUIS (HOY ALTOS DE JALISCO),19
ROCIO ALTOS DEL SUR,19
LA CHUCUA 3ER SECTOR,11
ATENAS,11
GRANADA NORTE VILLA SARMIENTO,11
LA LAGUNA I,09
EL VELERO,07
EL ROSAL,18
SANTA ANA,11
LOS MONARCAS,11
EL RUBI,09
LA ESTACION,09
ANTONIO MORALES II SECTOR CARRERA 5I Y CALLE 48 J SUR,18
URB. EL PEDREGAL,09
SAN PABLO,09
LA PERLA,09
INCORPORACION BARRIO CUCO,09
CORDILLERA SUR I,19
EL MANANTIAL,04
SANTA HELENA,19
VERSALLES PREDIO CALLE 33 NO. 106-22,09
SAN LORENZO,05
PANORAMA,05
VILLA_ISRAEL_II_SECTOR,05
VILLA ANITA III SECTOR,05
PUERTA AL LLANO II SECTOR,05
YOPAL (ANTES EL PEDREGAL),05
VIANEY,05
BARRIO EL CERRO - USAQUEN PARTE BAJA (VILLA NIDYA),01
EL PANTANITO,01
AZUCENA B,07
LA ESPERANZA DE TIBANICA,07
SANTA LIBRADA SECTOR SAN FRANCISCO,05
CHICO SUR II SECTOR,05
ALTAMIRA SECTOR SAN JOSE,04
BELLAVISTA (SECTOR EL LUCERO),04
TIBABUYES II. MZ. A Y MZ B.,11
JERICO,09
LA UNION,07
CIUDADELA LA LIBERTAD II,07
CAMILO TORRES,16
EL JORDAN,09
LA SELVA DORADA,09
EL PATIO TERCER SECTOR,08
BUENOS AIRES A.S.D.,19
SANTO DOMINGO,19
"CANTALEJO LOTE 15 MANZANA ""A""",11
"POSESION ""LA IGUALDAD""",08
SAN ANDRES ALTO,05
SAN RAFAEL DEL ALTO DE LA ESTANCIA,19
LAGUNITAS,19
SAN ANTONIO,07
INCORPORACION BARRIO EL TAPETE,09
EL TESORO,19
URBANIZACION CLAS,08
URBANIZACION GRAN YOMASA,05
BARRIO CALIMA NORTE,11
SALITRE I,11
URBANIZACION VILLA GLORIA,19
ALQUERIA DE LA FRAGUA SECTOR EL PARAISO,08
EL MIRADOR (LOS MOLINOS) II SECTOR,18
LOS SAUCES SECTOR LOS CEDROS,07
LA MARIA,05
VILLA BEATRIZ,09
BOGOTA SECTOR TEQUENDAMA,19
BARRIO LOS III REYES PRIMERA ETAPA,19
SECTOR II ALTAMAR,08
EL JORDAN II,08
"BARRIO: NUEVO KENNEDY ""EL DESCANSO""",08
PORVENIR SECTOR INDUCAS,07
BARRIO BRASIL SECTOR BARRETO,07
VEGAS DE SANTANA,07
VILLA BOSA,07
SANTA LIBRADA LA ESPERANZA,05
EL_RECUERDO,07
SAN JOSE,07
LA ALAMEDA II SECTOR,19
LA CARBONERA,19
EL ROSAL,19
ANTONIO JOSE DE SUCRE III,05
LAGOS DE CASTILLA 1,08
SECTOR GRANJAS DE SAN PEDRO,05
VEGAS DE SANTA ANA,08
BARRIO SAN LUIS,07
SANTA LIBRADA LA SUREÑA,05
CIUDADELA EL OASIS,05
VISION SEMIINDUSTRIAL,09
URBANIZACIÓN SAN FRANCISCO 1º SECTOR,19
SANTA RITA,11
VILLA ALEXANDRA,11
LA FISCALIA II SECTOR LA FORTUNA,05
PRADOS DE KENNEDY,08
BARRANQUILLITA,05
HORTELANOS DE ESCOCIA LA MAGNOLIA 2 SECTOR,07
NUEVA COLOMBIA,19
SANTA ROSA SUR,19
EL TESORITO,19
LOS ALPES,19
JUAN PABLO II,19
"SAN JAVIER,SAN JOSE,LA AURORA,VILLA BLANCA,SANTA ANA,SAN LUIS,SANTA ROSA",07
ALTOS DEL PINO,05
JUAN JOSE RONDON,05
NUEVA ESPERANZA,07
SAN MARTIN,07
LOURDES III,03
EL REFUGIO I Y II,05
LA ORQUIDEA,05
ORQUIDEA DEL SUR (2DO SECTOR),05
VILLA NELLY,05
SAN RAFAEL SUR ORIENTAL,04
SAN JACINTO,04
LA ESPERANZA (CALLE 131A),11
LAS MARGARITAS SECTORES I Y II,07
HORTELANOS DE ESCOCIA,07
SAN FERNANDO,19
ALAMEDA SUR SEGUNDO SECTOR ZONA B-1,18
URBANIZACION LA RIVERA I SECTOR,08
SABANA DEL DORADO,10
LA ESPERANZA II,10
EL_CODITO,01
URBANIZACION LA ESMERALDA,07
LAS VIVIENDAS BARRIO SANTA LIBRADA,05
BUENOS AIRES II,19
MINUTO DE MARIA,19
ACACIAS SUR,19
EL CERRO DEL DIAMANTE,19
SAN BERNARDO II SECTOR,05
SATURNO I,09
LA CARBONERA II,19
EGIPTO,17
BARRIO: PINAR DEL RIO II SECTOR,08
SAN BENITO,06
SAN FELIPE,05
ENGATIVA CENTRO EL CEDRO,10
EL PALMAR III,10
EL PARAISO LOS DOCE APOSTOLES,11
EL OCAL 2 SECTOR,11
VILLA HILDA,10
SOTAVENTO III Y IV SECTOR,19
NUEVO SAN LUIS,05
BARRIO VILLA ESMERALDA,07
BARRIO SAN MIGUEL,07
LUCERO BAJO (SECTOR LA CONQUISTA),19
BARRIO EL PROGRESO,07
LA LIBERTAD,07
DANUBIO,07
BELLAVISTA,05
EL MIRADOR,19
BARRIO GIBRALTAR I Y II,19
OCHO DE DICIEMBRE,19
BELLAVISTA LUCERO ALTO,19
LA VEGA SAN BERNARDINO BAJO,07
SIRACUZA,07
EL SAUCE,07
ATENAS SUORIENTAL III,04
LA FRAGUITA (ZONA INVADIDA),15
"LAS FLORES I SECTOR MANZANAS A,D,E,F,G,H,I,J,K",11
"LAS FLORES I SECTOR MANZANAS A,D,E,F,G,H,I,J,K",11
LA ESPERANZA BARRIO TIBABUYES SUBA,11
LOS MANZANARES (ANTES JMCF) 50311,07
SAN JUAN,05
AURES II SECTOR LA PLANTA,11
PRADO SUR II ETAPA,11
PREDIO SANTA BARBARA SEGUNDO SECTOR,11
BARRIO EL AMPARO,08
RESURRECCION,18
LA MORENA II SECTOR VILLA SANDRA,05
COMPOSTELA III,05
COMPOSTELA I,05
LA GIRALDILLA,08
"ESCOCIA VI, SECTORES 1, 2 Y 3",07
CIUDAD GALAN,08
VILLA DE LA LOMA,08
JACQUELINE,08
FLORESTA DEL SUR,08
PINAR DEL RIO,08
"SUBDIVISION PARCELA 33, PARCELACION EL PORVENIR PREDIO CATASTRAL 12944.",07
BARRIO LA ARBOLEDA,07
RODRIGO LARA BONILLA,11
PREDIO SAN MIGUEL TIBABUYES SUBA,11
LAS ORQUIDEAS 2 DO SECTOR,11
SALITRE SECTOR II,11
ONASIS,08
EL PINAR O REPUBLICA DEL CANADA  II SECTOR,04
LA PAZ CENTRAL,03
LOURDES,03
SANTA VIVIANA SECTOR VISTA HERMOSA,19
JAPON FRONTERA,11
CARACOLI,19
PUENTE GRANDE FLORENCIA,09
VEGAS DE SANTANA PRIMER SECTOR,08
LAS BRISAS,08
HORIZONTE OCCIDENTE,08
SAN PEDRO III SECTOR,11
VILLA CASTILLA,08
BERLIN DE BOSA LA LIBERTAD III SECTOR,07
TUNA ALTA SUBA (Sector el Rosal),11
VILLA BLANCA,11
ESPINO I SECTOR,19
RINCON DE LA ESTANCIA,19
BARRIO VILLA NELLY (ZONA OCTAVA DE CIUDAD KENNEDY),08
URBANIZACION LLANO GRANDE,08
CASA NUEVA,07
LA INDEPENDENCIA II SECTOR,07
BARRIO LA PAZ,07
URBANIZACIÓN LOS OLIVARES,05
SANTA MARTA II SECTOR,05
CASA DE TEJA,19
LA PORTADITA,07
LA CONCEPCION,07
EL JARDIN,07
EL PORVENIR SAN LUIS,07
LA ESTACION,07
EL CORZO,07
EL ESPINO,05
VILLA COLOMBIA,07
SAN JUANITO,07
ALFONSO LOPEZ (SECTOR CHARALA),05
EL TRIUNFO SUR,19
BARRIO SAN FRANCISCO PARTE ALTA,11
EL PALMAR I Y II,10
LOS CEREZOS,10
SORATAMA,01
VILLA ALEMANA II SECTOR,05
EL BOSQUE K-11,05
TORCOROMA,09
LA VEGUITA,07
SANTA FELISA,01
EL PALMAR,07
REPUBLICA CANADA III,04
LOS NARANJOS EL RETAZO,07
URBANIZACION GOVAROVA,18
CAÑIZA SECTOR III,11
TRIANGULOS DE LAS MATERAS,07
ALFONSO LOPEZ SECTOR LA ALBORADA,05
ALFONSO LOPEZ (SECTOR EL PROGRESO),05
URBANIZACION CALDAS,07
ESMERALDA,19
EL PORVENIR DE KENNEDY MANZANA A,08
CENTROAMERICAS,08
SAN JOSE OCCIDENTAL BARRIO SUB-OFICIALES,08
"BARRIO LA LIBERTAD SECTOR ""LA MAGNOLIA""",07
BERLIN,08
EL TUNO,05
EL BRILLANTE,05
VILLA KAREN,07
SAN PEDRO II SECTOR,07
EL BOSQUE DE BOSA,07
CORDILLERA  SUR,19
TUNA ALTA I,11
SAN ANTONIO NORTE,01
SAN FERNANDO BARRIO NUESTRA SEÑORA DE LA PAZ,07
VILLA SONIA 1,07
CHARLES DE GAULLE 2DO. SECTOR,07
BARRIO EL DIAMANTE SUR,07
SAGRADA FAMILIA II SECTOR,04
"LOTEO  ""EL PORVENIR"" FINCA ""SAN BERNARDO"" LA CONCEPCION - BOSA",07
MONTEVIDEO,05
URBANIZACION GOLCONDA,04
GRANADA SUR 3ER SECTOR,04
LA VICTORIA EL CORAL,04
CUIDAD MONACO,10
BARRIO SAN IGNACIO,10
DESARROLLO DE VIVIENDA EL TRIUNFO,08
VISTA HERMOSA,08
EL RINCON DE BOSA,07
LAS MARGARITAS SECTOR III,07
JUAN JOSE RONDON,19
BARRIO EL SALITRE - SUBA (PARTE ALTA),11
SANTA ISABEL,11
EL LLANITO BARRIO ESTACION BOSA,07
BARRIO ESTACION ( EL TEJAR ),07
CASALOMA,05
SAN AGUSTIN II SECTOR,18
ANDALUCIA,08
DANUBIO AZUL I Y II SECTOR,07
BRISAS DEL GALAN,16
YIRA CASTRO,16
"ALQUERIA DE LA FRAGUA, SECTOR SANTA YOLANDA",08
CHAPINERITO,05
VILLA HERMOSA,05
"URBANIZACION ""LA GROVANA""",04
MARICHUELA TERCER SECTOR (CAFAM II SECTOR),05
RAMAJAL,04
RAMAJAL,04
BARRIO ALTAMIRA,04
URBANIZACION EL RAMAJAL (GRANJAS Y HUERTAS),04
CASA LOMA,19
BARRIO REPUBLICA DEL CANADA EL PINAL,04
EL PARAISO SUR ORIENTAL (PRIMER SECTOR),04
EL REFUGIO DE SAN ANTONIO,01
VERBENAL III SECTOR ZONA 1,01
RELOTEO ANTIGUA HACIENDA LOS MOLINOS,18
LA ESMERALDA,11
BETANIA,09
VILLA DE LOS COMUNEROS,07
VILLA MENDOZA,08
SALAZAR SALAZAR,05
PORTAL DE ORIENTE,05
DOMINGO LAIN I,19
URBANIZACION GUATIQUIA II SECTOR,19
URBANIZACION GUIPARMA,18
EL VERGEL OCCIDENTAL,08
TIERRA GRATIS,07
URBANIZACIÓN NUEVA GRANADA (V SECTOR),07
EL PARAISO,07
VILLAS DEL VELERO,07
ISLANDIA,07
VILLA ROSITA,05
LA ESPERANZA K-10,05
PLAYON LA PLAYITA III SECTOR,18
LOS CEREZOS - SAN VICENTE,11
TURINGIA,11
LA ESPERANZA BARRIO: BRITALIA ,11
NUEVO TIMIZA,08
CASA GRANDE,19
SAN PEDRO II SECTOR,11
SAN PEDRO PRIMER SECTOR,11
SAN BERNARDINO SECTOR II,07
SANTA ANA,04
INES ELVIRA A.S.D.,19
MANUEL CRISTOBAL BARRIO EL PORTAL,09
BARRIO SANTA MARIA,08
VILLA LILIANA,08
MATURIN,01
EL PORVENIR SEGUNDO SECTOR,05
BUENOS AIRES,05
PALERMO SUR LAS BRISAS,18
LAS MANITAS,19
BARRIO LA ESPERANZA,18
SAN JORGE CENTRAL II SECTOR,15
LA AGUADITA III SECTOR,11
LA ESTANZUELA,11
ARENAL,11
URBANIZACION MORABIA II,08
TABERIN II SECTOR,11
TESORO II,19
EL MANANTIAL,07
"FLORIDA DEL SUR ANEXO DESARROLLO ""LUCERO SUR BAJO""",19
LA CUMBRE (ANTES RECUERDO SUR),19
SIERRA MORENA,19
PASTRANITA PRIMER SECTOR,08
ALFONSO LOPEZ MICHELSEN,08
VILLA NELLY III LOS ALISOS,08
URBANIZACION EL PARAISO,08
MITRANI,07
CARLOS ALBAN SECTOR ISRAELITA,07
ISLANDIA TERCER SECTOR,07
BARRIO LA SIERRA,04
DINDALITO,08
LA ESTANZUELA,07
CALDAS,07
TINTALITO II,08
URBANIZACION SAN JOAQUIN,07
LAS FLORES,09
VILLA ALEGRE,07
EL TRIANGULO,08
BARRIO EL DIVINO NIÑO,19
BELLA FLOR,19
URBANIZACION VASCONIA II,08
ARBORIZADORA ALTA,19
LA RESURRECCION II SECTOR,18
EL PARAISO,19
LOS LAURELES III SECTOR,07
BARRIO: HOLANDA (SEC. CAMINITO),07
URBANIZACION SAN JORGE,07
ISLANDIA II,07
NEW JERSEY,07
VILLA DE LA LOMA SEGUNDO SECTOR MANZANAS 31 Y 32,08
LOURDES II,03
TIBABITA,01
EL BOSQUE,05
URBANIZACION HUMBERTO VALENCIA II SECTOR,07
BOSQUE EL LIMONAR,05
LA ESTRELLA SECTOR LAGOS,19
DUITAMA,05
PROVIDENCIA,07
TIERRA LINDA,19
MONTE BLANCO,05
LA ACACIA SUR PARTE BAJA III SECTOR,19
LA GLORIA,04
CORDOBA,04
JOSE ANTONIO GALAN SEGUNDO SECTOR,07
LA PAZ II Y III BARRIO: NUESTRA SEÑORA DE LA PAZ,07
LA RESURRECCION,18
PUERTO RICO,18
URBANIZACION LAS COLINAS,18
EL MIRADOR,18
BARRIO EL SOCORRO III SECTOR,18
GRANJAS DE SAN PABLO,18
GRANJAS DE SAN PABLO,18
BARRIO CIUDAD DE CALI,08
TINTALITO,08
JIMENEZ DE QUESADA II SECTOR,07
NUEVA YORK,08
EL LLANO SECTOR FANDIÑO,07
ACACIAS - IV,19
LA DULCINEA,07
BARRIO LA ESMERALDA EL RECUERDO,05
CAMPO HERMOSO,07
EL ROCIO CENTRO ORIENTAL,03
CASABLANCA SECTOR LA GRUTA,11
PRADO SUR SECTOR LA VILLA,11
ALTOS LA ESPERANZA I SECTOR,11
URIBIA,11
LA FLOR,11
LA ISABELA,11
EL MIRADOR,03
DIVINO NIÑO,07
EL PORTAL,07
BARRIO COOPERATIVO EL REGALO,07
LA LIBERTAD IV ETAPA,07
SANTA PAZ SANTA ELVIRA,08
BARRIO SUMAPAZ,08
TOCAREMA,08
BARRIO EL TINTAL,08
URBANIZACION TERRAZAS DE SAN JORGE,18
RIO DE JANEIRO EL PESEBRE,18
GRANJAS DE SAN PEDRO II SECTOR,05
LA ESTACION ANDALUCIA II,07
LA ISLA BARRIO EL PARAISO,02
EL PORVENIR ZONA C,19
EL ARPA Y LA LIRA PUENTE ARANDA,16
CAMELIAS FUCHA (BARRIO CAMELIAS SEUNDO SECTOR),16
VILLA_ALEXANDRA,08
SAN ANTONIO DE ESCOCIA,07
URBANIZACION VILLA NORA,07
LUIS LOPEZ DE MESA ALCALDIA MENOR:RAFAEL URIBE,18
LA ESPERANZA,08
VILLA DE LA TORRE,08
VILLA NHORA,07
LA CHUCUA PRIMER SECTOR VEREDA LAS FLORES,11
CHARLES DE GAULLE,07
LA FONTANA SECTORES I Y II,07
NACIONES UNIDAS (SANTA ROSA),19
BELLA VISTA  II SECTOR,05
DANUBIO II-III,07
URBANIZACION LA FLORIDA IV SECTOR,07
LA PORTADA  III SECTOR,07
PREDIO EL MATORRAL SAN BERNARDINO,07
EL MORTIÑO,05
CLARETIANO,07
SIERRA MORENA,05
BARRIO EL REGALO II SECTOR,07
BARRIO SANTA LIBRADA SECTOR SAN BERNARDO,05
CALLEJÓN DE SANTA BÁRBARA III,18
PALERMO SUR,18
BARRIO LA PEPITA PREDIOS CARRERA 19A CALLE 10,14
LA ARAUCARIA,11
TELECOM ARRAYANES,11
LA ARMONIA,07
EL RECUERDO III,07
MADRID II,18
EL RECODO-REPÚBLICA DE CANADA,04
URBANIZACION LOS ALMENDROS,08
CAMPO HERMOSO,08
VILLA ALEGRIA,07
EL DIAMANTE,07
BARRIO ESCOCIA IX,07
TRES REYES-SEGUNDO SECTOR,19
TENERIFE II SECTOR,05
SAN LUIS,05
"URBANIZACION SANTA LIBRADA SECTOR ""LAS GRANJAS""",05
"EMPRESA COMUNITARIA ""MANUELA BELTRAN""",19
XOCHIMILCO,07
LA CONCEPCION (2DO SECTOR),07
BARRIO VILLA COLOMBIA II SECTOR,07
NUESTRA SEÑORA DE LA PAZ,07
LAS FLORES,05
SAN JOAQUIN DEL VATICANO,19
LUCERO MEDIO,19
LA_COMPOSTELA_II,05
EL NUEVO PORTAL,05
VILLA ANDREA,09
LA MORENA III,05
EL SOCORRO,18
MARCO FIDEL SUAREZ RELOTEO,18
URBANIZACION VILLA ALEJANDRIA,05
MIAMI,11
BRASIL 1 SECTOR VILLA DIANA,07
URBANIZACION LOS MOLINOS 1ER SECTOR,18
JAVA II SECTOR,11
GLORIA LARA DE ECHEVERRY SEGUNDA ETAPA,11
JUAN PABLO I. BARRIO PERPETUO SOCORRO,08
LA PORTADA,07
LA PALMA,07
(CAMA VIEJA) VILLA DEL CLAN,13
TUNA ALTA SECTOR BELLA VISTA,11
LAS LOMAS,18
CASA LOMA,08
SAN CARLOS,08
"EL LLANO MANZANA ""A""",07
"URBANIZACION ""DOÑA LILIANA""",05
BALCONES DE VISTA HERMOSA,01
EL ANGULO,04
VILLA NATALY 20 DE JULIO,04
EL CURUBO,05
JULIO CESAR TURBAY AYALA (EGIPTO ALTO),03
SAN ANTONIO NORTE,10
ALAMEDA,10
SAN CAYETANO,11
EL CARMEN,11
LAS BRISAS,04
LA VICTORIA TERCER SECTOR,04
LA VICTORIA SEGUNDO SECTOR,04
PALERMO ALTO,18
BRITALIA NORTE,11
SANTA BARBARA TIBABUYES I,11
LOTE EL TRIANGULO BARRIO RINCON DE SUBA,11
VISTA BELLA,11
JAPON,11
LA ORQUIDEA 3 ER SECTOR,11
PORTALES DEL NORTE IMPERIAL,11
VISTA BELLA SEGUNDO SECTOR,11
TUNA ALTA SECTOR BELLAVISTA SUBA,11
EL SALITRE SUBA IV SECTOR,11
SUBATA,11
LA FRANCIA,11
VILLA EL DORADO SAN ANTONIO,10
GARCES NAVAS,10
SAN DIONISIO,03
PARDO RUBIO,02
BOSQUE DE LOS PINOS,01
SANTA CECILIA SECTOR I,11
EL RECUERDO SUR,19
MARCO FIDEL SUAREZ IV,18
BARRIO LAS MANITAS,19
LOS LIBERTADORES,04
MIRAFLORES,04
LA PLAYA BARRIO LA VICTORIA,04
LOS ALPES BARRIO LOS ALPES,04
AMAPOLAS II SECTOR,04
LA GRANJA,10
SAN JOSE LAS PISTAS,09
LA AZUCENA - EL TRIANGULO,07
BARRIO HUMBERTO VALENCIA,07
NICOLAS ESCOBAR,07
EL TRIUNFO SAN BERNARDINO,07
LA LIBERTAD III SECTOR,07
PRADO VERANIEGO (MANZANA 0),11
RINCON ESCUELA,11
TUNA ALTA SECTOR EL PEDREGAL,11
CIUDAD HUNZA,11
CHICO SUR,05
GLORIA GAITAN II,18
BALCON DE LA CASTAÑA II SECTOR,04
URBANIZACION JIMENEZ DE QUESADA,07
LOTEO LOS LAURELES,07
HNOS. BARRAGAN (EL LAUREL) BARRIO ESTACION,07
ARLUZ LA MANUELA,11
CHICO SUR,07
EL LLANO,07
SAN JOSE OBRERO,10
LAS ACACIAS,08
EL CASTILLO,08
VILLA RICA,08
PROGRESO II SECTOR LA REFORMA ,05
EL PARAISO,05
SAGRADO CORAZON,01
URBANIZACION SANTA CECILIA NORTE PARTE ALTA,01
BETHANIA BARRIO SAN BENITO,06
GUILLERMO NUÑEZ,11
LA FLORA,11
BARRIO LAS ORQUIDEAS,11
LAS TORRES,08
LAS ACACIAS,04
ANTONIO NARIÑO,07
LA CABAÑA II SECTOR,07
EL RUBI,07
SAN PEDRO,07
HORTELANOS DE ESCOCIA BARRIO LA MAGNOLIA III SECTOR,07
